{
 "based_on": "",
 "chart_name": "Visitings By Item",
 "chart_type": "Group By",
 "color": "#761ACB",
 "creation": "2022-09-26 12:58:11.663782",
 "docstatus": 0,
 "doctype": "Dashboard Chart",
 "document_type": "Visiting",
 "dynamic_filters_json": "[]",
 "filters_json": "[]",
 "group_by_based_on": "item",
 "group_by_type": "Count",
 "idx": 0,
 "is_public": 1,
 "is_standard": 1,
 "modified": "2022-09-26 12:58:11.663782",
 "modified_by": "Administrator",
 "module": "Sales Person Management System",
 "name": "Visitings By Item",
 "number_of_groups": 0,
 "owner": "Administrator",
 "parent_document_type": "",
 "roles": [],
 "source": "",
 "time_interval": "Yearly",
 "timeseries": 0,
 "timespan": "Last Year",
 "type": "Pie",
 "use_report_chart": 0,
 "value_based_on": "",
 "y_axis": []
}