{
 "based_on": "creation",
 "chart_name": "Selling Percentage",
 "chart_type": "Sum",
 "color": "#EC864B",
 "creation": "2022-09-18 13:34:58.661975",
 "docstatus": 0,
 "doctype": "Dashboard Chart",
 "document_type": "Customer Collects Goal",
 "dynamic_filters_json": "[]",
 "filters_json": "[]",
 "group_by_type": "Count",
 "idx": 0,
 "is_public": 1,
 "is_standard": 1,
 "last_synced_on": "2022-09-26 12:48:27.603580",
 "modified": "2022-09-26 12:50:23.680867",
 "modified_by": "Administrator",
 "module": "Sales Person Management System",
 "name": "Selling Percentage",
 "number_of_groups": 0,
 "owner": "Administrator",
 "parent_document_type": "Collects Goal",
 "roles": [],
 "source": "",
 "time_interval": "Yearly",
 "timeseries": 1,
 "timespan": "Last Year",
 "type": "Heatmap",
 "use_report_chart": 0,
 "value_based_on": "verified_collects",
 "y_axis": []
}