{
 "actions": [],
 "allow_rename": 1,
 "autoname": "fiedl:reference_name",
 "creation": "2022-09-12 16:57:23.287228",
 "doctype": "DocType",
 "editable_grid": 1,
 "engine": "InnoDB",
 "field_order": [
  "reference_name",
  "full_name"
 ],
 "fields": [
  {
   "fieldname": "reference_name",
   "fieldtype": "Link",
   "in_list_view": 1,
   "label": "Reference Name",
   "options": "Customer",
   "reqd": 1
  },
  {
   "fetch_from": "reference_name.customer_name",
   "fieldname": "full_name",
   "fieldtype": "Data",
   "hidden": 1,
   "label": "Full Name",
   "read_only": 1
  }
 ],
 "index_web_pages_for_search": 1,
 "istable": 1,
 "links": [],
 "modified": "2022-09-12 16:57:23.287228",
 "modified_by": "Administrator",
 "module": "Sales Person Management System",
 "name": "Doctor Reference",
 "name_case": "Title Case",
 "owner": "Administrator",
 "permissions": [],
 "sort_field": "modified",
 "sort_order": "DESC"
}