[
 {
  "context": null,
  "contributed": 0,
  "contribution_docname": null,
  "contribution_status": "",
  "docstatus": 0,
  "doctype": "Translation",
  "language": "ar",
  "modified": "2022-09-22 14:48:25.888293",
  "name": "05321e2bda",
  "parent": null,
  "parentfield": null,
  "parenttype": null,
  "source_text": "Sales Person Management System",
  "translated_text": "\u0646\u0638\u0627\u0645 \u0627\u062f\u0627\u0631\u0629 \u0645\u0646\u062f\u0648\u0628\u064a \u0627\u0644\u0645\u0628\u064a\u0639\u0627\u062a"
 },
 {
  "context": null,
  "contributed": 0,
  "contribution_docname": null,
  "contribution_status": "",
  "docstatus": 0,
  "doctype": "Translation",
  "language": "ar",
  "modified": "2022-09-22 14:49:17.132095",
  "name": "87a32cf203",
  "parent": null,
  "parentfield": null,
  "parenttype": null,
  "source_text": "Visit Goal",
  "translated_text": "\u0647\u062f\u0641 \u0627\u0644\u0632\u064a\u0627\u0631\u0629"
 },
 {
  "context": null,
  "contributed": 0,
  "contribution_docname": null,
  "contribution_status": "",
  "docstatus": 0,
  "doctype": "Translation",
  "language": "ar",
  "modified": "2022-09-22 14:49:49.167370",
  "name": "7dcee32d0c",
  "parent": null,
  "parentfield": null,
  "parenttype": null,
  "source_text": "Visiting",
  "translated_text": "\u0627\u0644\u0632\u064a\u0627\u0631\u0629"
 },
 {
  "context": null,
  "contributed": 0,
  "contribution_docname": null,
  "contribution_status": "",
  "docstatus": 0,
  "doctype": "Translation",
  "language": "ar",
  "modified": "2022-09-22 14:50:47.284809",
  "name": "12027905b1",
  "parent": null,
  "parentfield": null,
  "parenttype": null,
  "source_text": "Collects Goal",
  "translated_text": "\u0647\u062f\u0641 \u0627\u0644\u0627\u0633\u062a\u062d\u0635\u0627\u0644"
 },
 {
  "context": null,
  "contributed": 0,
  "contribution_docname": null,
  "contribution_status": "",
  "docstatus": 0,
  "doctype": "Translation",
  "language": "ar",
  "modified": "2022-09-22 14:51:31.939229",
  "name": "10bf833dcb",
  "parent": null,
  "parentfield": null,
  "parenttype": null,
  "source_text": "Collecting",
  "translated_text": "\u0627\u0633\u062a\u062d\u0635\u0627\u0644"
 },
 {
  "context": null,
  "contributed": 0,
  "contribution_docname": null,
  "contribution_status": "",
  "docstatus": 0,
  "doctype": "Translation",
  "language": "ar",
  "modified": "2022-09-22 14:53:13.490091",
  "name": "8420321482",
  "parent": null,
  "parentfield": null,
  "parenttype": null,
  "source_text": "Doctor",
  "translated_text": "\u0627\u0644\u0637\u0628\u064a\u0628"
 },
 {
  "context": null,
  "contributed": 0,
  "contribution_docname": null,
  "contribution_status": "",
  "docstatus": 0,
  "doctype": "Translation",
  "language": "ar",
  "modified": "2022-09-22 14:54:24.506737",
  "name": "f05eebe0d6",
  "parent": null,
  "parentfield": null,
  "parenttype": null,
  "source_text": "Doctor Department",
  "translated_text": "\u0627\u0644\u0642\u0633\u0645 \u0627\u0644\u0637\u0628\u064a"
 },
 {
  "context": null,
  "contributed": 0,
  "contribution_docname": null,
  "contribution_status": "",
  "docstatus": 0,
  "doctype": "Translation",
  "language": "ar",
  "modified": "2022-09-22 14:54:56.232746",
  "name": "e960d9e27e",
  "parent": null,
  "parentfield": null,
  "parenttype": null,
  "source_text": "Doctor Group",
  "translated_text": "\u0641\u0626\u0629 \u0627\u0644\u0637\u0628\u064a\u0628"
 },
 {
  "context": null,
  "contributed": 0,
  "contribution_docname": null,
  "contribution_status": "",
  "docstatus": 0,
  "doctype": "Translation",
  "language": "ar",
  "modified": "2022-09-26 10:42:52.385160",
  "name": "9ba2f2587f",
  "parent": null,
  "parentfield": null,
  "parenttype": null,
  "source_text": "Erbil",
  "translated_text": "\u0627\u0631\u0628\u064a\u0644"
 },
 {
  "context": null,
  "contributed": 0,
  "contribution_docname": null,
  "contribution_status": "",
  "docstatus": 0,
  "doctype": "Translation",
  "language": "ar",
  "modified": "2022-09-26 10:46:07.037949",
  "name": "008064e305",
  "parent": null,
  "parentfield": null,
  "parenttype": null,
  "source_text": "Basra",
  "translated_text": "\u0627\u0644\u0628\u0635\u0631\u0629"
 },
 {
  "context": null,
  "contributed": 0,
  "contribution_docname": null,
  "contribution_status": "",
  "docstatus": 0,
  "doctype": "Translation",
  "language": "ar",
  "modified": "2022-09-26 10:46:36.902755",
  "name": "ff6bfbace6",
  "parent": null,
  "parentfield": null,
  "parenttype": null,
  "source_text": "Dhi Qar",
  "translated_text": "\u0630\u064a \u0642\u0627\u0631"
 },
 {
  "context": null,
  "contributed": 0,
  "contribution_docname": null,
  "contribution_status": "",
  "docstatus": 0,
  "doctype": "Translation",
  "language": "ar",
  "modified": "2022-09-26 10:46:53.693265",
  "name": "108e61bf78",
  "parent": null,
  "parentfield": null,
  "parenttype": null,
  "source_text": "Muthanna",
  "translated_text": "\u0627\u0644\u0645\u062b\u0646\u0649"
 },
 {
  "context": null,
  "contributed": 0,
  "contribution_docname": null,
  "contribution_status": "",
  "docstatus": 0,
  "doctype": "Translation",
  "language": "ar",
  "modified": "2022-09-26 10:47:34.814218",
  "name": "0ddd227973",
  "parent": null,
  "parentfield": null,
  "parenttype": null,
  "source_text": "Al-Q\u0101disiyyah",
  "translated_text": "\u0627\u0644\u0642\u0627\u062f\u0633\u064a\u0629"
 },
 {
  "context": null,
  "contributed": 0,
  "contribution_docname": null,
  "contribution_status": "",
  "docstatus": 0,
  "doctype": "Translation",
  "language": "ar",
  "modified": "2022-09-26 10:49:05.644317",
  "name": "a38aac1add",
  "parent": null,
  "parentfield": null,
  "parenttype": null,
  "source_text": "Diyala",
  "translated_text": "\u062f\u064a\u0627\u0644\u0649"
 },
 {
  "context": null,
  "contributed": 0,
  "contribution_docname": null,
  "contribution_status": "",
  "docstatus": 0,
  "doctype": "Translation",
  "language": "ar",
  "modified": "2022-09-26 10:50:28.502346",
  "name": "5cd121889b",
  "parent": null,
  "parentfield": null,
  "parenttype": null,
  "source_text": "Baghdad",
  "translated_text": "\u0628\u063a\u062f\u0627\u062f"
 },
 {
  "context": null,
  "contributed": 0,
  "contribution_docname": null,
  "contribution_status": "",
  "docstatus": 0,
  "doctype": "Translation",
  "language": "ar",
  "modified": "2022-09-26 10:50:48.363558",
  "name": "5b93faa3ec",
  "parent": null,
  "parentfield": null,
  "parenttype": null,
  "source_text": "Al Anbar",
  "translated_text": "\u0627\u0644\u0627\u0646\u0628\u0627\u0631"
 },
 {
  "context": null,
  "contributed": 0,
  "contribution_docname": null,
  "contribution_status": "",
  "docstatus": 0,
  "doctype": "Translation",
  "language": "ar",
  "modified": "2022-09-26 10:51:09.032359",
  "name": "823a786504",
  "parent": null,
  "parentfield": null,
  "parenttype": null,
  "source_text": "Saladin",
  "translated_text": "\u0635\u0644\u0627\u062d \u0627\u0644\u062f\u064a\u0646"
 },
 {
  "context": null,
  "contributed": 0,
  "contribution_docname": null,
  "contribution_status": "",
  "docstatus": 0,
  "doctype": "Translation",
  "language": "ar",
  "modified": "2022-09-26 10:51:42.831898",
  "name": "3d23a97589",
  "parent": null,
  "parentfield": null,
  "parenttype": null,
  "source_text": "Sulaymaniyah",
  "translated_text": "\u0627\u0644\u0633\u0644\u064a\u0645\u0627\u0646\u064a\u0629"
 },
 {
  "context": null,
  "contributed": 0,
  "contribution_docname": null,
  "contribution_status": "",
  "docstatus": 0,
  "doctype": "Translation",
  "language": "ar",
  "modified": "2022-09-26 10:52:04.264232",
  "name": "93f50f43aa",
  "parent": null,
  "parentfield": null,
  "parenttype": null,
  "source_text": "Kirkuk",
  "translated_text": "\u0643\u0631\u0643\u0648\u0643"
 },
 {
  "context": null,
  "contributed": 0,
  "contribution_docname": null,
  "contribution_status": "",
  "docstatus": 0,
  "doctype": "Translation",
  "language": "ar",
  "modified": "2022-09-26 10:52:40.849641",
  "name": "c3c3f0164e",
  "parent": null,
  "parentfield": null,
  "parenttype": null,
  "source_text": "Nineveh",
  "translated_text": "\u0646\u064a\u0646\u0648\u0649"
 },
 {
  "context": null,
  "contributed": 0,
  "contribution_docname": null,
  "contribution_status": "",
  "docstatus": 0,
  "doctype": "Translation",
  "language": "ar",
  "modified": "2022-09-26 10:52:59.300027",
  "name": "ed95d3a0af",
  "parent": null,
  "parentfield": null,
  "parenttype": null,
  "source_text": "Dohuk",
  "translated_text": "\u062f\u0647\u0648\u0643"
 }
]