{
 "actions": [],
 "allow_rename": 1,
 "creation": "2022-09-20 09:06:43.675011",
 "doctype": "DocType",
 "engine": "InnoDB",
 "field_order": [
  "from_",
  "to_",
  "commission"
 ],
 "fields": [
  {
   "default": "0",
   "description": "Enter Value in Percentage (%)",
   "fieldname": "from_",
   "fieldtype": "Percent",
   "in_list_view": 1,
   "label": "From",
   "precision": "0",
   "reqd": 1
  },
  {
   "default": "0",
   "description": "Enter Value in Percentage (%)",
   "fieldname": "to_",
   "fieldtype": "Percent",
   "in_list_view": 1,
   "label": "To",
   "precision": "0",
   "reqd": 1
  },
  {
   "default": "0",
   "description": "Enter Value in Percentage (%)",
   "fieldname": "commission",
   "fieldtype": "Percent",
   "in_list_view": 1,
   "label": "Commission",
   "precision": "2",
   "reqd": 1
  }
 ],
 "index_web_pages_for_search": 1,
 "istable": 1,
 "links": [],
 "modified": "2022-09-26 11:57:42.256208",
 "modified_by": "Administrator",
 "module": "Sales Person Management System",
 "name": "Commissions range",
 "owner": "Administrator",
 "permissions": [],
 "sort_field": "modified",
 "sort_order": "DESC"
}