{
 "actions": [],
 "allow_rename": 1,
 "creation": "2022-09-17 11:04:47.900885",
 "doctype": "DocType",
 "editable_grid": 1,
 "engine": "InnoDB",
 "field_order": [
  "customer",
  "amount_of_money",
  "verified_collects",
  "achieved_collects",
  "number_of_visits",
  "verified_visits",
  "achieved_visits"
 ],
 "fields": [
  {
   "fieldname": "customer",
   "fieldtype": "Link",
   "in_list_view": 1,
   "label": "Customer",
   "options": "Customer"
  },
  {
   "fieldname": "amount_of_money",
   "fieldtype": "Currency",
   "in_list_view": 1,
   "label": "Amount of Money"
  },
  {
   "allow_on_submit": 1,
   "default": "0",
   "fieldname": "verified_collects",
   "fieldtype": "Currency",
   "in_list_view": 1,
   "label": "Verified Collects",
   "read_only": 1
  },
  {
   "default": "0",
   "fieldname": "achieved_collects",
   "fieldtype": "Currency",
   "label": "Achieved Collects"
  },
  {
   "default": "1",
   "fieldname": "number_of_visits",
   "fieldtype": "Int",
   "label": "Number of Visits"
  },
  {
   "default": "0",
   "fieldname": "verified_visits",
   "fieldtype": "Int",
   "label": "Verified Visits"
  },
  {
   "default": "0",
   "fieldname": "achieved_visits",
   "fieldtype": "Int",
   "label": "Achieved Visits"
  }
 ],
 "index_web_pages_for_search": 1,
 "istable": 1,
 "links": [],
 "modified": "2023-01-29 23:50:51.373514",
 "modified_by": "Administrator",
 "module": "Sales Person Management System",
 "name": "Customer Collects Goal",
 "owner": "Administrator",
 "permissions": [],
 "sort_field": "modified",
 "sort_order": "DESC",
 "states": []
}