{
 "actions": [],
 "allow_rename": 1,
 "creation": "2022-09-12 16:59:27.784239",
 "doctype": "DocType",
 "editable_grid": 1,
 "engine": "InnoDB",
 "field_order": [
  "doctor",
  "department",
  "reference",
  "class",
  "item"
 ],
 "fields": [
  {
   "fieldname": "doctor",
   "fieldtype": "Link",
   "in_list_view": 1,
   "label": "Doctor",
   "options": "Doctor"
  },
  {
   "fetch_from": "doctor.department",
   "fieldname": "department",
   "fieldtype": "Data",
   "in_list_view": 1,
   "label": "Department",
   "read_only": 1
  },
  {
   "fieldname": "reference",
   "fieldtype": "Link",
   "label": "Reference",
   "options": "Customer"
  },
  {
   "fetch_from": "doctor.class",
   "fieldname": "class",
   "fieldtype": "Data",
   "in_list_view": 1,
   "label": "Class",
   "read_only": 1
  },
  {
   "fieldname": "item",
   "fieldtype": "Link",
   "in_list_view": 1,
   "label": "Item",
   "options": "Item"
  }
 ],
 "index_web_pages_for_search": 1,
 "istable": 1,
 "links": [],
 "modified": "2022-09-12 16:59:27.784239",
 "modified_by": "Administrator",
 "module": "Sales Person Management System",
 "name": "Doctor Visited",
 "owner": "Administrator",
 "permissions": [],
 "sort_field": "modified",
 "sort_order": "DESC"
}