{
 "based_on": "creation",
 "chart_name": "Sales Person Targets",
 "chart_type": "Count",
 "color": "#449CF0",
 "creation": "2022-09-17 14:06:23.931906",
 "docstatus": 0,
 "doctype": "Dashboard Chart",
 "document_type": "Collecting",
 "dynamic_filters_json": "[]",
 "filters_json": "[]",
 "group_by_type": "Count",
 "idx": 0,
 "is_public": 1,
 "is_standard": 1,
 "last_synced_on": "2022-09-17 14:38:13.259864",
 "modified": "2022-09-17 14:38:33.160658",
 "modified_by": "Administrator",
 "module": "Sales Person Management System",
 "name": "Sales Person Targets",
 "number_of_groups": 0,
 "owner": "Administrator",
 "parent_document_type": "",
 "source": "",
 "time_interval": "Yearly",
 "timeseries": 1,
 "timespan": "Last Year",
 "type": "Line",
 "use_report_chart": 0,
 "value_based_on": "",
 "y_axis": []
}