{
 "absolute_value": 0,
 "align_labels_right": 0,
 "creation": "2022-09-22 15:11:05.480018",
 "custom_format": 0,
 "default_print_language": "en-US",
 "disabled": 0,
 "doc_type": "Collecting",
 "docstatus": 0,
 "doctype": "Print Format",
 "font": "Monospace",
 "format_data": "[{\"fieldname\": \"print_heading_template\", \"fieldtype\": \"Custom HTML\", \"options\": \"<div class=\\\"print-heading\\\">\\t\\t\\t\\t<h2><div>Collecting</div><br><small class=\\\"sub-heading\\\">{{ doc.name }}</small>\\t\\t\\t\\t</h2></div>\"}, {\"fieldtype\": \"Section Break\", \"label\": \"\"}, {\"fieldtype\": \"Column Break\"}, {\"fieldname\": \"qrcode_html\", \"print_hide\": 0, \"label\": \"QRCode HTML\"}, {\"fieldname\": \"company\", \"print_hide\": 0, \"label\": \"Company\"}, {\"fieldname\": \"full_name\", \"print_hide\": 0, \"label\": \"Full Name\"}, {\"fieldname\": \"date\", \"print_hide\": 0, \"label\": \"Date\"}, {\"fieldtype\": \"Column Break\"}, {\"fieldtype\": \"Column Break\"}, {\"fieldtype\": \"Section Break\", \"label\": \"Customer Details\"}, {\"fieldtype\": \"Column Break\"}, {\"fieldname\": \"customer\", \"print_hide\": 0, \"label\": \"Customer\"}, {\"fieldtype\": \"Column Break\"}, {\"fieldtype\": \"Section Break\", \"label\": \"Amount\"}, {\"fieldtype\": \"Column Break\"}, {\"fieldname\": \"amount_currency\", \"print_hide\": 0, \"label\": \"Amount Currency\"}, {\"fieldname\": \"exchange_rate\", \"print_hide\": 0, \"label\": \"Exchange Rate\"}, {\"fieldname\": \"amount\", \"print_hide\": 0, \"label\": \"Amount\"}, {\"fieldname\": \"amount_other_currency\", \"print_hide\": 0, \"label\": \"Amount Company Currency\"}, {\"fieldtype\": \"Column Break\"}, {\"fieldtype\": \"Section Break\", \"label\": \"Invoice Section\"}, {\"fieldtype\": \"Column Break\"}, {\"fieldname\": \"invoices\", \"print_hide\": 0, \"label\": \"Invoices\", \"visible_columns\": [{\"fieldname\": \"invoice_no\", \"print_width\": \"\", \"print_hide\": 0}, {\"fieldname\": \"total\", \"print_width\": \"\", \"print_hide\": 0}]}]",
 "idx": 0,
 "line_breaks": 0,
 "modified": "2022-09-26 10:33:20.146937",
 "modified_by": "Administrator",
 "module": "Sales Person Management System",
 "name": "80*80 Collecting Format",
 "owner": "Administrator",
 "print_format_builder": 0,
 "print_format_type": "Jinja",
 "raw_printing": 0,
 "show_section_headings": 0,
 "standard": "Yes"
}