{
 "aggregate_function_based_on": "amount_other_currency",
 "based_on": "creation",
 "chart_name": "Weekly Collecting",
 "chart_type": "Sum",
 "color": "#29CD42",
 "creation": "2022-09-26 13:31:20.377021",
 "docstatus": 0,
 "doctype": "Dashboard Chart",
 "document_type": "Collecting",
 "dynamic_filters_json": "[]",
 "filters_json": "[]",
 "group_by_type": "Sum",
 "idx": 0,
 "is_public": 1,
 "is_standard": 1,
 "last_synced_on": "2022-09-26 13:27:40.724711",
 "modified": "2022-09-26 13:33:25.445915",
 "modified_by": "Administrator",
 "module": "Sales Person Management System",
 "name": "Weekly Collecting",
 "number_of_groups": 0,
 "owner": "Administrator",
 "parent_document_type": "",
 "roles": [],
 "source": "",
 "time_interval": "Weekly",
 "timeseries": 1,
 "timespan": "Last Year",
 "type": "Line",
 "use_report_chart": 0,
 "value_based_on": "amount_other_currency",
 "y_axis": []
}