{
 "color": "#449CF0",
 "creation": "2022-09-18 14:23:08.073052",
 "docstatus": 0,
 "doctype": "Number Card",
 "dynamic_filters_json": "{\"company\":\" frappe.defaults.get_user_default(\\\"Company\\\")\",\"from_date\":\"frappe.utils.today\"}",
 "filters_json": "{\"doc_type\":\"Sales Invoice\",\"to_date\":\"2022-09-19\",\"from_date\":\"2022-01-01\"}",
 "function": "Count",
 "idx": 0,
 "is_public": 0,
 "is_standard": 1,
 "label": "Total Incentives",
 "modified": "2022-09-19 15:45:54.476983",
 "modified_by": "Administrator",
 "module": "Sales Person Management System",
 "name": "Total Incentives",
 "owner": "Administrator",
 "report_field": "incentives",
 "report_function": "Sum",
 "report_name": "Sales Person Commission Summary",
 "show_percentage_stats": 1,
 "stats_time_interval": "Daily",
 "type": "Report"
}