{
 "actions": [],
 "autoname": "autoincrement",
 "creation": "2022-11-17 15:01:51.556042",
 "doctype": "DocType",
 "editable_grid": 1,
 "engine": "InnoDB",
 "field_order": [
  "item"
 ],
 "fields": [
  {
   "fieldname": "item",
   "fieldtype": "Link",
   "in_list_view": 1,
   "label": "item",
   "options": "Item",
   "reqd": 1
  }
 ],
 "index_web_pages_for_search": 1,
 "istable": 1,
 "links": [],
 "modified": "2022-11-17 15:01:51.556042",
 "modified_by": "Administrator",
 "module": "Sales Person Management System",
 "name": "item table",
 "naming_rule": "Autoincrement",
 "owner": "Administrator",
 "permissions": [],
 "sort_field": "modified",
 "sort_order": "DESC",
 "states": []
}