{
 "actions": [],
 "autoname": "autoincrement",
 "creation": "2023-01-03 20:22:38.090455",
 "doctype": "DocType",
 "editable_grid": 1,
 "engine": "InnoDB",
 "field_order": [
  "item",
  "quantity",
  "sold",
  "achievement"
 ],
 "fields": [
  {
   "columns": 4,
   "fieldname": "item",
   "fieldtype": "Link",
   "in_list_view": 1,
   "label": "Item",
   "options": "Item"
  },
  {
   "columns": 1,
   "fieldname": "quantity",
   "fieldtype": "Int",
   "in_list_view": 1,
   "label": "Quantity"
  },
  {
   "default": "0",
   "fieldname": "sold",
   "fieldtype": "Int",
   "label": "Sold"
  },
  {
   "columns": 5,
   "default": "0",
   "fieldname": "achievement",
   "fieldtype": "Data",
   "in_list_view": 1,
   "label": "Achievement"
  }
 ],
 "index_web_pages_for_search": 1,
 "istable": 1,
 "links": [],
 "modified": "2023-02-04 15:30:57.278976",
 "modified_by": "Administrator",
 "module": "Sales Person Management System",
 "name": "Target Breakdown",
 "naming_rule": "Autoincrement",
 "owner": "Administrator",
 "permissions": [],
 "sort_field": "modified",
 "sort_order": "DESC",
 "states": []
}