{
 "actions": [],
 "allow_rename": 1,
 "creation": "2022-09-21 09:23:55.329472",
 "doctype": "DocType",
 "editable_grid": 1,
 "engine": "InnoDB",
 "field_order": [
  "invoice_no",
  "status",
  "total",
  "out_standing_amount",
  "date",
  "currency",
  "note"
 ],
 "fields": [
  {
   "fieldname": "invoice_no",
   "fieldtype": "Link",
   "in_list_view": 1,
   "label": "Invoice No",
   "options": "Sales Invoice",
   "reqd": 1
  },
  {
   "fetch_from": "invoice_no.status",
   "fieldname": "status",
   "fieldtype": "Data",
   "in_list_view": 1,
   "label": "Status",
   "read_only": 1
  },
  {
   "fetch_from": "invoice_no.net_total",
   "fieldname": "total",
   "fieldtype": "Currency",
   "in_list_view": 1,
   "label": "Total",
   "options": "currency",
   "read_only": 1
  },
  {
   "fetch_from": "invoice_no.outstanding_amount",
   "fieldname": "out_standing_amount",
   "fieldtype": "Currency",
   "in_list_view": 1,
   "label": "Outstanding Amount",
   "options": "currency",
   "read_only": 1
  },
  {
   "fetch_from": "invoice_no.posting_date",
   "fieldname": "date",
   "fieldtype": "Date",
   "in_list_view": 1,
   "label": "Date",
   "read_only": 1
  },
  {
   "fieldname": "note",
   "fieldtype": "Text",
   "in_list_view": 1,
   "label": "Note"
  },
  {
   "fetch_from": "invoice_no.currency",
   "fieldname": "currency",
   "fieldtype": "Data",
   "in_list_view": 1,
   "label": "Currency",
   "read_only": 1
  }
 ],
 "index_web_pages_for_search": 1,
 "istable": 1,
 "links": [],
 "modified": "2023-01-28 19:38:41.517871",
 "modified_by": "Administrator",
 "module": "Sales Person Management System",
 "name": "Reference Invoice Collects",
 "owner": "Administrator",
 "permissions": [],
 "sort_field": "modified",
 "sort_order": "DESC",
 "states": []
}