{
 "actions": [],
 "autoname": "autoincrement",
 "creation": "2023-01-04 04:43:24.908065",
 "doctype": "DocType",
 "editable_grid": 1,
 "engine": "InnoDB",
 "field_order": [
  "doctor",
  "name1",
  "class",
  "number_of_visits",
  "verified_visits",
  "achievement"
 ],
 "fields": [
  {
   "columns": 2,
   "fieldname": "doctor",
   "fieldtype": "Link",
   "in_list_view": 1,
   "label": "Doctor",
   "options": "Doctor"
  },
  {
   "columns": 1,
   "fetch_from": "doctor.class",
   "fieldname": "class",
   "fieldtype": "Data",
   "in_list_view": 1,
   "label": "Class"
  },
  {
   "fieldname": "number_of_visits",
   "fieldtype": "Int",
   "label": "Number Of Visits"
  },
  {
   "default": "0",
   "fieldname": "verified_visits",
   "fieldtype": "Int",
   "label": "Verified Visits"
  },
  {
   "columns": 4,
   "default": "0",
   "fieldname": "achievement",
   "fieldtype": "Data",
   "in_list_view": 1,
   "label": "Achievement"
  },
  {
   "columns": 3,
   "fetch_from": "doctor.full_name",
   "fieldname": "name1",
   "fieldtype": "Data",
   "in_list_view": 1,
   "label": "Name"
  }
 ],
 "index_web_pages_for_search": 1,
 "istable": 1,
 "links": [],
 "modified": "2023-02-04 15:30:36.827779",
 "modified_by": "Administrator",
 "module": "Sales Person Management System",
 "name": "Productivity",
 "naming_rule": "Autoincrement",
 "owner": "Administrator",
 "permissions": [],
 "sort_field": "modified",
 "sort_order": "DESC",
 "states": []
}