{
 "custom_fields": [
  {
   "_assign": null,
   "_comments": null,
   "_liked_by": null,
   "_user_tags": null,
   "allow_in_quick_entry": 0,
   "allow_on_submit": 0,
   "bold": 0,
   "collapsible": 0,
   "collapsible_depends_on": null,
   "columns": 0,
   "creation": "2022-09-14 15:55:37.020397",
   "default": null,
   "depends_on": null,
   "description": null,
   "docstatus": 0,
   "dt": "Employee",
   "fetch_from": null,
   "fetch_if_empty": 0,
   "fieldname": "territory",
   "fieldtype": "Link",
   "hidden": 0,
   "hide_border": 0,
   "hide_days": 0,
   "hide_seconds": 0,
   "idx": 18,
   "ignore_user_permissions": 0,
   "ignore_xss_filter": 0,
   "in_global_search": 0,
   "in_list_view": 0,
   "in_preview": 0,
   "in_standard_filter": 0,
   "insert_after": "employee_number",
   "label": "Territory",
   "length": 0,
   "mandatory_depends_on": null,
   "modified": "2022-09-14 15:55:37.020397",
   "modified_by": "Administrator",
   "name": "Employee-territory",
   "no_copy": 0,
   "non_negative": 0,
   "options": "Territory",
   "owner": "Administrator",
   "parent": null,
   "parentfield": null,
   "parenttype": null,
   "permlevel": 0,
   "precision": "",
   "print_hide": 0,
   "print_hide_if_no_value": 0,
   "print_width": null,
   "read_only": 0,
   "read_only_depends_on": null,
   "report_hide": 0,
   "reqd": 1,
   "search_index": 0,
   "translatable": 0,
   "unique": 0,
   "width": null
  }
 ],
 "custom_perms": [],
 "doctype": "Employee",
 "property_setters": [
  {
   "_assign": null,
   "_comments": null,
   "_liked_by": null,
   "_user_tags": null,
   "creation": "2022-09-25 13:47:16.437201",
   "default_value": null,
   "doc_type": "Employee",
   "docstatus": 0,
   "doctype_or_field": "DocField",
   "field_name": "employee_number",
   "idx": 0,
   "modified": "2022-09-25 13:47:16.437201",
   "modified_by": "Administrator",
   "name": "Employee-employee_number-hidden",
   "owner": "Administrator",
   "parent": null,
   "parentfield": null,
   "parenttype": null,
   "property": "hidden",
   "property_type": "Check",
   "row_name": null,
   "value": "1"
  },
  {
   "_assign": null,
   "_comments": null,
   "_liked_by": null,
   "_user_tags": null,
   "creation": "2022-09-25 13:47:16.419014",
   "default_value": null,
   "doc_type": "Employee",
   "docstatus": 0,
   "doctype_or_field": "DocField",
   "field_name": "employee_number",
   "idx": 0,
   "modified": "2022-09-25 13:47:16.419014",
   "modified_by": "Administrator",
   "name": "Employee-employee_number-reqd",
   "owner": "Administrator",
   "parent": null,
   "parentfield": null,
   "parenttype": null,
   "property": "reqd",
   "property_type": "Check",
   "row_name": null,
   "value": "0"
  },
  {
   "_assign": null,
   "_comments": null,
   "_liked_by": null,
   "_user_tags": null,
   "creation": "2022-09-25 13:47:16.345108",
   "default_value": null,
   "doc_type": "Employee",
   "docstatus": 0,
   "doctype_or_field": "DocField",
   "field_name": "naming_series",
   "idx": 0,
   "modified": "2022-09-25 13:47:16.345108",
   "modified_by": "Administrator",
   "name": "Employee-naming_series-reqd",
   "owner": "Administrator",
   "parent": null,
   "parentfield": null,
   "parenttype": null,
   "property": "reqd",
   "property_type": "Check",
   "row_name": null,
   "value": "1"
  },
  {
   "_assign": null,
   "_comments": null,
   "_liked_by": null,
   "_user_tags": null,
   "creation": "2022-09-25 13:47:16.325127",
   "default_value": null,
   "doc_type": "Employee",
   "docstatus": 0,
   "doctype_or_field": "DocField",
   "field_name": "naming_series",
   "idx": 0,
   "modified": "2022-09-25 13:47:16.325127",
   "modified_by": "Administrator",
   "name": "Employee-naming_series-hidden",
   "owner": "Administrator",
   "parent": null,
   "parentfield": null,
   "parenttype": null,
   "property": "hidden",
   "property_type": "Check",
   "row_name": null,
   "value": "0"
  }
 ],
 "sync_on_migrate": 1
}