{
 "custom_fields": [],
 "custom_perms": [],
 "doctype": "Sales Team",
 "links": [],
 "property_setters": [
  {
   "_assign": null,
   "_comments": null,
   "_liked_by": null,
   "_user_tags": null,
   "creation": "2022-09-15 11:33:41.144900",
   "default_value": null,
   "doc_type": "Sales Team",
   "docstatus": 0,
   "doctype_or_field": "DocField",
   "field_name": "allocated_amount",
   "idx": 0,
   "is_system_generated": 0,
   "modified": "2022-09-15 11:33:41.144900",
   "modified_by": "Administrator",
   "module": null,
   "name": "Sales Team-allocated_amount-hidden",
   "owner": "Administrator",
   "property": "hidden",
   "property_type": "Check",
   "row_name": null,
   "value": "1"
  },
  {
   "_assign": null,
   "_comments": null,
   "_liked_by": null,
   "_user_tags": null,
   "creation": "2022-09-15 11:33:40.911571",
   "default_value": null,
   "doc_type": "Sales Team",
   "docstatus": 0,
   "doctype_or_field": "DocField",
   "field_name": "allocated_percentage",
   "idx": 0,
   "is_system_generated": 0,
   "modified": "2022-09-15 11:33:40.911571",
   "modified_by": "Administrator",
   "module": null,
   "name": "Sales Team-allocated_percentage-hidden",
   "owner": "Administrator",
   "property": "hidden",
   "property_type": "Check",
   "row_name": null,
   "value": "1"
  }
 ],
 "sync_on_migrate": 1
}