{
 "custom_fields": [
  {
   "_assign": null,
   "_comments": null,
   "_liked_by": null,
   "_user_tags": null,
   "allow_in_quick_entry": 0,
   "allow_on_submit": 0,
   "bold": 0,
   "collapsible": 0,
   "collapsible_depends_on": null,
   "columns": 0,
   "creation": "2023-01-15 17:20:05.854273",
   "default": null,
   "depends_on": null,
   "description": null,
   "docstatus": 0,
   "dt": "Sales Invoice",
   "fetch_from": null,
   "fetch_if_empty": 0,
   "fieldname": "sales_person",
   "fieldtype": "Link",
   "hidden": 0,
   "hide_border": 0,
   "hide_days": 0,
   "hide_seconds": 0,
   "idx": 183,
   "ignore_user_permissions": 0,
   "ignore_xss_filter": 0,
   "in_global_search": 0,
   "in_list_view": 0,
   "in_preview": 0,
   "in_standard_filter": 0,
   "insert_after": "sales_team",
   "is_system_generated": 0,
   "is_virtual": 0,
   "label": "Sales Person",
   "length": 0,
   "mandatory_depends_on": null,
   "modified": "2023-01-15 17:20:05.854273",
   "modified_by": "Administrator",
   "module": null,
   "name": "Sales Invoice-sales_person",
   "no_copy": 0,
   "non_negative": 0,
   "options": "Sales Person",
   "owner": "Administrator",
   "permlevel": 0,
   "precision": "",
   "print_hide": 0,
   "print_hide_if_no_value": 0,
   "print_width": null,
   "read_only": 0,
   "read_only_depends_on": null,
   "report_hide": 0,
   "reqd": 0,
   "search_index": 0,
   "translatable": 0,
   "unique": 0,
   "width": null
  }
 ],
 "custom_perms": [],
 "doctype": "Sales Invoice",
 "links": [
  {
   "creation": "2022-01-25 10:29:57.771398",
   "custom": 0,
   "docstatus": 0,
   "group": "Reference",
   "hidden": 0,
   "idx": 1,
   "is_child_table": 0,
   "link_doctype": "POS Invoice",
   "link_fieldname": "consolidated_invoice",
   "modified": "2023-01-11 17:25:18.018207",
   "modified_by": "Administrator",
   "name": "24ee70a8c4",
   "owner": "Administrator",
   "parent": "Sales Invoice",
   "parent_doctype": null,
   "parentfield": "links",
   "parenttype": "DocType",
   "table_fieldname": null
  }
 ],
 "property_setters": [
  {
   "_assign": null,
   "_comments": null,
   "_liked_by": null,
   "_user_tags": null,
   "creation": "2023-01-08 14:33:18.155703",
   "default_value": null,
   "doc_type": "Sales Invoice",
   "docstatus": 0,
   "doctype_or_field": "DocField",
   "field_name": "payment_schedule",
   "idx": 0,
   "is_system_generated": 0,
   "modified": "2023-01-08 14:33:18.155703",
   "modified_by": "Administrator",
   "module": null,
   "name": "Sales Invoice-payment_schedule-print_hide",
   "owner": "Administrator",
   "property": "print_hide",
   "property_type": "Check",
   "row_name": null,
   "value": "1"
  },
  {
   "_assign": null,
   "_comments": null,
   "_liked_by": null,
   "_user_tags": null,
   "creation": "2023-01-08 14:33:18.150651",
   "default_value": null,
   "doc_type": "Sales Invoice",
   "docstatus": 0,
   "doctype_or_field": "DocField",
   "field_name": "due_date",
   "idx": 0,
   "is_system_generated": 0,
   "modified": "2023-01-08 14:33:18.150651",
   "modified_by": "Administrator",
   "module": null,
   "name": "Sales Invoice-due_date-print_hide",
   "owner": "Administrator",
   "property": "print_hide",
   "property_type": "Check",
   "row_name": null,
   "value": "0"
  },
  {
   "_assign": null,
   "_comments": null,
   "_liked_by": null,
   "_user_tags": null,
   "creation": "2023-01-08 12:10:50.328186",
   "default_value": null,
   "doc_type": "Sales Invoice",
   "docstatus": 0,
   "doctype_or_field": "DocField",
   "field_name": "scan_barcode",
   "idx": 0,
   "is_system_generated": 1,
   "modified": "2023-01-08 12:10:50.328186",
   "modified_by": "Administrator",
   "module": null,
   "name": "Sales Invoice-scan_barcode-hidden",
   "owner": "Administrator",
   "property": "hidden",
   "property_type": "Check",
   "row_name": null,
   "value": "0"
  },
  {
   "_assign": null,
   "_comments": null,
   "_liked_by": null,
   "_user_tags": null,
   "creation": "2023-01-08 12:10:48.557970",
   "default_value": null,
   "doc_type": "Sales Invoice",
   "docstatus": 0,
   "doctype_or_field": "DocField",
   "field_name": "in_words",
   "idx": 0,
   "is_system_generated": 0,
   "modified": "2023-01-08 12:10:48.557970",
   "modified_by": "Administrator",
   "module": null,
   "name": "Sales Invoice-in_words-print_hide",
   "owner": "Administrator",
   "property": "print_hide",
   "property_type": "Check",
   "row_name": null,
   "value": "0"
  },
  {
   "_assign": null,
   "_comments": null,
   "_liked_by": null,
   "_user_tags": null,
   "creation": "2023-01-08 12:10:48.549794",
   "default_value": null,
   "doc_type": "Sales Invoice",
   "docstatus": 0,
   "doctype_or_field": "DocField",
   "field_name": "in_words",
   "idx": 0,
   "is_system_generated": 0,
   "modified": "2023-01-08 12:10:48.549794",
   "modified_by": "Administrator",
   "module": null,
   "name": "Sales Invoice-in_words-hidden",
   "owner": "Administrator",
   "property": "hidden",
   "property_type": "Check",
   "row_name": null,
   "value": "0"
  },
  {
   "_assign": null,
   "_comments": null,
   "_liked_by": null,
   "_user_tags": null,
   "creation": "2023-01-08 12:10:48.302323",
   "default_value": null,
   "doc_type": "Sales Invoice",
   "docstatus": 0,
   "doctype_or_field": "DocField",
   "field_name": "disable_rounded_total",
   "idx": 0,
   "is_system_generated": 0,
   "modified": "2023-01-08 12:10:48.302323",
   "modified_by": "Administrator",
   "module": null,
   "name": "Sales Invoice-disable_rounded_total-default",
   "owner": "Administrator",
   "property": "default",
   "property_type": "Text",
   "row_name": null,
   "value": "0"
  },
  {
   "_assign": null,
   "_comments": null,
   "_liked_by": null,
   "_user_tags": null,
   "creation": "2023-01-08 12:10:48.294596",
   "default_value": null,
   "doc_type": "Sales Invoice",
   "docstatus": 0,
   "doctype_or_field": "DocField",
   "field_name": "rounded_total",
   "idx": 0,
   "is_system_generated": 0,
   "modified": "2023-01-08 12:10:48.294596",
   "modified_by": "Administrator",
   "module": null,
   "name": "Sales Invoice-rounded_total-print_hide",
   "owner": "Administrator",
   "property": "print_hide",
   "property_type": "Check",
   "row_name": null,
   "value": "0"
  },
  {
   "_assign": null,
   "_comments": null,
   "_liked_by": null,
   "_user_tags": null,
   "creation": "2023-01-08 12:10:48.286482",
   "default_value": null,
   "doc_type": "Sales Invoice",
   "docstatus": 0,
   "doctype_or_field": "DocField",
   "field_name": "rounded_total",
   "idx": 0,
   "is_system_generated": 0,
   "modified": "2023-01-08 12:10:48.286482",
   "modified_by": "Administrator",
   "module": null,
   "name": "Sales Invoice-rounded_total-hidden",
   "owner": "Administrator",
   "property": "hidden",
   "property_type": "Check",
   "row_name": null,
   "value": "0"
  },
  {
   "_assign": null,
   "_comments": null,
   "_liked_by": null,
   "_user_tags": null,
   "creation": "2023-01-08 12:10:48.277581",
   "default_value": null,
   "doc_type": "Sales Invoice",
   "docstatus": 0,
   "doctype_or_field": "DocField",
   "field_name": "base_rounded_total",
   "idx": 0,
   "is_system_generated": 0,
   "modified": "2023-01-08 12:10:48.277581",
   "modified_by": "Administrator",
   "module": null,
   "name": "Sales Invoice-base_rounded_total-print_hide",
   "owner": "Administrator",
   "property": "print_hide",
   "property_type": "Check",
   "row_name": null,
   "value": "1"
  },
  {
   "_assign": null,
   "_comments": null,
   "_liked_by": null,
   "_user_tags": null,
   "creation": "2023-01-08 12:10:48.269227",
   "default_value": null,
   "doc_type": "Sales Invoice",
   "docstatus": 0,
   "doctype_or_field": "DocField",
   "field_name": "base_rounded_total",
   "idx": 0,
   "is_system_generated": 0,
   "modified": "2023-01-08 12:10:48.269227",
   "modified_by": "Administrator",
   "module": null,
   "name": "Sales Invoice-base_rounded_total-hidden",
   "owner": "Administrator",
   "property": "hidden",
   "property_type": "Check",
   "row_name": null,
   "value": "0"
  },
  {
   "_assign": null,
   "_comments": null,
   "_liked_by": null,
   "_user_tags": null,
   "creation": "2023-01-08 12:10:45.625538",
   "default_value": null,
   "doc_type": "Sales Invoice",
   "docstatus": 0,
   "doctype_or_field": "DocField",
   "field_name": "additional_discount_account",
   "idx": 0,
   "is_system_generated": 0,
   "modified": "2023-01-08 12:10:45.625538",
   "modified_by": "Administrator",
   "module": null,
   "name": "Sales Invoice-additional_discount_account-mandatory_depends_on",
   "owner": "Administrator",
   "property": "mandatory_depends_on",
   "property_type": "Code",
   "row_name": null,
   "value": ""
  },
  {
   "_assign": null,
   "_comments": null,
   "_liked_by": null,
   "_user_tags": null,
   "creation": "2023-01-08 12:10:45.618745",
   "default_value": null,
   "doc_type": "Sales Invoice",
   "docstatus": 0,
   "doctype_or_field": "DocField",
   "field_name": "additional_discount_account",
   "idx": 0,
   "is_system_generated": 0,
   "modified": "2023-01-08 12:10:45.618745",
   "modified_by": "Administrator",
   "module": null,
   "name": "Sales Invoice-additional_discount_account-hidden",
   "owner": "Administrator",
   "property": "hidden",
   "property_type": "Check",
   "row_name": null,
   "value": "1"
  },
  {
   "_assign": null,
   "_comments": null,
   "_liked_by": null,
   "_user_tags": null,
   "creation": "2023-01-08 12:10:45.568340",
   "default_value": null,
   "doc_type": "Sales Invoice",
   "docstatus": 0,
   "doctype_or_field": "DocField",
   "field_name": "tax_id",
   "idx": 0,
   "is_system_generated": 0,
   "modified": "2023-01-08 12:10:45.568340",
   "modified_by": "Administrator",
   "module": null,
   "name": "Sales Invoice-tax_id-print_hide",
   "owner": "Administrator",
   "property": "print_hide",
   "property_type": "Check",
   "row_name": null,
   "value": "0"
  },
  {
   "_assign": null,
   "_comments": null,
   "_liked_by": null,
   "_user_tags": null,
   "creation": "2023-01-08 12:10:45.559639",
   "default_value": null,
   "doc_type": "Sales Invoice",
   "docstatus": 0,
   "doctype_or_field": "DocField",
   "field_name": "tax_id",
   "idx": 0,
   "is_system_generated": 0,
   "modified": "2023-01-08 12:10:45.559639",
   "modified_by": "Administrator",
   "module": null,
   "name": "Sales Invoice-tax_id-hidden",
   "owner": "Administrator",
   "property": "hidden",
   "property_type": "Check",
   "row_name": null,
   "value": "0"
  }
 ],
 "sync_on_migrate": 1
}